標籤,標題,時間,活動描述
高教深耕,(高教深耕)人文素養跨領域學程校外參訪【走一趟時光路：從中原到陽明的韓偉記憶之旅】,05/24 (週六) 08:30 ~ 13:00,"(高教深耕)人文素養跨領域學程校外參訪【走一趟時光路：從中原到陽明的韓偉記憶之旅】 Facebook分享 LINE分享 取得網址 取得QrCode
活動時間：2025年5月24日 08:30~2025年5月24日 13:00 加入行事曆
活動地點：國立陽明交通大學（陽明校區） (地址：台北市北投區立農街二段155號)
活動嘉賓：
活動類型： 活動
參加對象： 校內學生
承辦：通識教育中心
活動聯絡人： 蔡維庭 03-2656877    
活動所屬單位： 通識教育中心
你知道中原大學與陽明交大之間，其實有段不為人熟知的深厚關聯嗎？
這一次，我們將循著時間的軌跡，前往陽明交大陽明校區，實地探訪韓偉先生的故居與生活空間。韓偉曾於中原擔任校長，對教育懷抱熱情，也深深影響著中原學子的精神視野。在山林與歷史交會的路途中，一起走進他的足跡！
感受那份跨越時代的人文理想，踏上一場知性而溫潤的尋根之旅。💝

✦ 參訪日期：114年5月24日（六）08:30~13:00
✦ 參訪地點：國立陽明交通大學（陽明校區）、軍艦岩
✦ 報名日期：114年4月24日（四）~ 5月15日（五）
✦ 參訪費用：免費
✦ 參與對象：中原大學 在校生（以人文素養跨領域學程學生為優先）
✦ 報名方式：於報名期間至全人村南棟813辦公室填寫報名表，並繳交保證金100元，
即完成報名。（保證金將於活動當天退回）
✎ 報名時間：平日08:30~12:00 / 13:30~17:00 

✨因本次參訪有人數限制，有興趣的手刀報名喔！
  不需線上報名"
高教深耕,(高教深耕)(通識自主學習)113-2張靜愚紀念圖書館中英文讀書會,02/14 (週五),"(高教深耕)(通識自主學習)113-2張靜愚紀念圖書館中英文讀書會 Facebook分享 LINE分享 取得網址 取得QrCode
活動時間：2025年2月14日 00:00~2025年5月27日 00:00 加入行事曆
活動地點：
活動嘉賓：
活動類型： 活動
參加對象： 開放校內外人士
承辦：圖書館讀者服務組
活動聯絡人： 黃楹茹03-265-2839     吳佳穎03-265-2845    
活動所屬單位： 圖書館讀者服務組
各位同學看過來~圖書館讀書會開跑囉！
無論是想和不同國家的外籍生互動，
還是想找三五好友一同體會書中樂趣，
絕對不能錯過圖書館為您準備的讀書會活動！

申請通過後，全程參與並符合相關規定者
可申請通識自主學習0.2學分 及 獲得 獎勵金
 👉籌組英文讀書會【詳情請點我】
 👉學生自組讀書會【詳情請點我】

誠摯歡迎各位踴躍參與喔！
  不需線上報名"
高教深耕,(高教深耕)(教師教學研習)密涅瓦計畫暨113-2學期OMO課程教師交流工作坊,05/27 (週二) 12:10 ~ 13:10,"(高教深耕)(教師教學研習)密涅瓦計畫暨113-2學期OMO課程教師交流工作坊 Facebook分享 LINE分享 取得網址 取得QrCode
活動時間：2025年5月27日 12:10~2025年5月27日 13:10 加入行事曆
活動地點：雅文多功能B廳(活動中心2樓)
活動嘉賓：
活動類型： 活動
參加對象： 校內教職員
承辦：數位教育發展處數位活動推廣組
活動聯絡人： 張玉涵 03-2652724    
活動所屬單位： 數位教育發展處數位活動推廣組
議題:
一、「OMO數位學習模式課程開課規範」修正說明
二、 課程案例分享: 
        商業設計學系 黃文宗老師113-2學期OMO課程案例分享
三、 教師交流及回饋:
        (一)   課程規劃 
        (二)  教學執行
        (三)  學生學習成效評估
本工作坊活動可列入教師研習時數，歡迎教師踴躍參與!!
  報名期限
05/16 (週五) 16:00 ~ 05/22 (週四) 16:00
已過期"
高教深耕,(通識自主學習)(高教深耕)【通識青年論壇】,05/27 (週二) 15:10 ~ 17:00,"(通識自主學習)(高教深耕)【通識青年論壇】05/27｜年齡≠能力，17歲的我，能做些什麼？ Facebook分享 LINE分享 取得網址 取得QrCode
活動時間：2025年5月27日 15:10~2025年5月27日 17:00 加入行事曆
活動地點：張靜愚紀念圖書館一樓秀德廳
活動嘉賓：
活動類型： 專題或演講
參加對象： 開放校內外人士
承辦：通識教育中心
活動聯絡人： 張芸瑄 03-2656883    
活動所屬單位： 通識教育中心
活動資訊與注意事項
● 時間：114年5月27日（二）15:10-17:00
● 地點：張靜愚紀念圖書館一樓秀德廳
● 講題：年齡≠能力，17歲的我，能做些什麼？
● 講員：李爅
● 講員介紹：
李爅，當時是年齡17歲的高中生，憑著一股毅力與愛心，以募集物資的方式，成立了【全國首創校園食物銀行】並於107年06月02日正式成立協會，以【愛心公開透明】為宗旨，號召青年學子為社會出一份力量，愛心不分年齡人人都可以做的精神，希望達成【全台無飢餓 人人都溫飽】的目標。
  ★ 參加通識活動之注意事項 ★
※ 報名時請填寫正確電子郵件帳號，若活動有異動將寄送電子郵件告知。
※ 本單位有修改活動之權利。若有任何更動，請以最新公告為主。
※ 參與人數額滿將提前結束報名！
※ 不刻出席時，請務必取消報名，以免資源浪費！
※ 依現場工作人員判定遲到或早退者，恕無法取得各項參與時數。
※ 請於活動結束後出示學生證/職員證嗶卡簽退，以保障您的權益！
※ 為維護您與他人的健康，若身體不適，請避免出席活動。
  報名期限
03/31 (週一) 08:00 ~ 05/23 (週五) 17:00
已過期"
高教深耕,(高教深耕)113-2 交換生分享月(此連結為,05/28 (週三) 10:00 ~ 12:00,"(高教深耕)113-2 交換生分享月(此連結為5/28報名場次) Facebook分享 LINE分享 取得網址 取得QrCode
活動時間：2025年5月28日 10:00~2025年5月28日 12:00 加入行事曆
活動地點：活動中心101全球交誼廳
活動嘉賓：
活動類型： 活動
參加對象： 校內學生
承辦：國際暨兩岸教育處綜合業務組
活動聯絡人： 戴廷宇 03-2651732    
活動所屬單位： 國際暨兩岸教育處綜合業務組
交換生分享月 (此連結為5/28報名場次)
📢你也想體驗不同語言與文化的生活嗎?
📢你想站在充滿異國風情的土地上，擁有不一樣的人生體驗嗎?
💡那絕對不能錯過「交換生經驗分享月」，本活動邀請擁有豐富赴外交換經驗的同學進行分享談，從申請流程到赴外的生活點滴，完整將經驗分享給大家!!!

名額有限~快來報名!!!!!
  【報名注意事項】
1. 人數限制：每場次30人。
注意※ 報名成功者會收到【報名成功通知Email】，請確實收到通知信後再出席，沒收到者則表示報名失敗。請確實填寫可收發信件的Email，以確保成功收到報名成功通知訊息。
2. 報名截止日：即日起至人數額滿止。
3. 未報名成功的人，可於活動當天到現場進行排隊候補。活動15分鐘後如有名額，將開放候補進場。
4. 出席者請務必攜帶學生證(未攜帶學生證或有效證件者無法入場)。
【活動注意事項】
1. 入場時請口頭告知報名序號，並於活動結束離場時簽到。
2. 為了維護他人的學習權益，活動皆準時開始，遲到15分鐘者不得入場，15分後會將以報名缺席名額開放給現場同學候補。
3. 提醒同學請勿攜帶貴重物品，若遺失恕不負保管、賠償之責。
【取消報名流程】(報名成功者適用)
(1) 請來電或寄信告知，並告知取消資訊：1)場次日期 2)序號 3)學號 4)姓名
(2) 聯繫方式：03-2651732 戴小姐  tingyutai@cycu.edu.tw
  報名期限
03/31 (週一) 09:00 ~ 05/27 (週二) 00:00
報名
※報名已達活動預計人數"
高教深耕,(高教深耕)【能力培育學習坊】職場數位工具與 AI 運用:行事曆與專案管理實務,05/28 (週三) 12:00 ~ 13:30,"(高教深耕)【能力培育學習坊】職場數位工具與 AI 運用:行事曆與專案管理實務 Facebook分享 LINE分享 取得網址 取得QrCode
活動時間：2025年5月28日 12:00~2025年5月28日 13:30 加入行事曆
活動地點：真知教學大樓日日新共學區 (806室) (地址：桃園市中壢區中北路200號)
活動嘉賓：
活動類型： 專題或演講
參加對象： 校內學生
承辦：教務處學生學習發展中心
活動聯絡人： 古婉陵 03-2652054    
活動所屬單位： 教務處學生學習發展中心
【能力培育學習坊】職場數位工具與 AI 運用:行事曆與專案管理實務
  ＃個人化的工作流程系統
＃自動化應用
＃時間管理與協作能力
  【黃海潮 講師】
你是否希望讓工作更有條理、更高效？
本學習坊將帶領你掌握 Notion 的核心應用，從行事曆規劃、任務管理到專案進度追蹤，打造專屬的數位工作系統。課程亦結合 AI 工具，協助建立個人化智慧工作流程，全面提升工作效率。
從凌亂到有序，讓你掌控工作的每一步！
日期｜ 2025/05/28（星期三）
時間｜ 12:00-13:30
地點｜ 日日新共學區 (真知教學大樓806)
    報名期限
05/14 (週三) 09:00 ~ 05/27 (週二) 12:00
報名"
高教深耕,(高教深耕) 特殊業態新興創業家講座-職人經紀(,05/28 (週三) 17:00 ~ 19:00,"(高教深耕) 特殊業態新興創業家講座-職人經紀(5/28) Facebook分享 LINE分享 取得網址 取得QrCode
活動時間：2025年5月28日 17:00~2025年5月28日 19:00 加入行事曆
活動地點：中原大學 真知教學大樓105室 (地址：320桃園市中壢區中北路200號)
活動嘉賓： 林筱薇 (秝芙職人經紀 創辦人暨執行長)    
活動類型： 教育訓練
參加對象： 開放校內外人士
承辦：產學營運處創新創業發展中心
活動聯絡人： 潘建廷 03-2651812    
活動所屬單位： 產學營運處創新創業發展中心
講題 |　打造產業永續影響力—策略經紀顧問
講師 |　林筱薇 (秝芙職人經紀 創辦人暨執行長)
時間 |　114/05/28(三) 17:00-19:00
地點 |　中原大學 真知教學大樓105室
(若課程地點異動將以簡訊或郵件通知)
報名期限 | 即日起 至 114/05/27 止
活動承辦 | 潘助教 03-2651812
官方LINE | @pgu3467i
    報名期限
02/21 (週五) 00:00 ~ 05/27 (週二) 23:59
報名"
高教深耕,(高教深耕),05/29 (週四) 10:00 ~ 12:00,"(高教深耕) 5/29「ESG與永續金流治理」 Facebook分享 LINE分享 取得網址 取得QrCode
活動時間：2025年5月29日 10:00~2025年5月29日 12:00 加入行事曆
活動地點：真知教學大樓610教室
活動嘉賓： 永澧環境顧問管理公司合夥人 溫麗琪博士    
活動類型： 專題或演講
參加對象： 校內教職員、校內學生
承辦：產學營運處產學平台暨專利技轉中心
活動聯絡人： 劉方榆 03-2651842    
活動所屬單位： 產學營運處產學平台暨專利技轉中心
本課程探討ESG趨勢下的永續金流管理實務，剖析企業如何建構透明負責的財務與治理機制。
  報名期限
05/12 (週一) 00:00 ~ 05/29 (週四) 00:00
報名"
高教深耕,(高教深耕)(TA培訓) 113-2 線上教學助理培訓會,03/24 (週一),"(高教深耕)(TA培訓) 113-2 線上教學助理培訓會 Facebook分享 LINE分享 取得網址 取得QrCode
活動時間：2025年3月24日 00:00~2025年5月30日 00:00 加入行事曆
活動地點：本校i-learning平台
活動嘉賓：
活動類型： 教育訓練
參加對象： 校內教職員、校內學生
承辦：教務處學生學習發展中心
活動聯絡人： 彭惠燕 03-2652051    
活動所屬單位： 教務處學生學習發展中心
  報名期限
03/24 (週一) 00:00 ~ 05/18 (週日) 00:00
已過期"
高教深耕,(教師教學研習)(高教深耕)應用CDIO於教學規劃與實踐,06/04 (週三) 11:00 ~ 12:00,"(教師教學研習)(高教深耕)應用CDIO於教學規劃與實踐 Facebook分享 LINE分享 取得網址 取得QrCode
活動時間：2025年6月4日 11:00~2025年6月4日 12:00 加入行事曆
活動地點：張靜愚紀念圖書館103室(普仁小集)
活動嘉賓： 國立臺北教育大學數位科技設計學系 許一珍教授    
活動類型： 專題或演講
參加對象： 校內教職員
承辦：教務處教師教學發展中心
活動聯絡人： 陳怡君 03-2652042    
活動所屬單位： 教務處教師教學發展中心
活動時間：2025年6月4日(三) 11:00 ~ 12:00
活動地點：張靜愚紀念圖書館103室 (普仁小集)
活動主題：【應用CDIO於教學規劃與實踐】
活動講師：國立臺北教育大學數位科技設計學系 許一珍教授
*全程參與將核定1小時研習時數
*活動敬備精緻餐盒
  報名期限
04/23 (週三) 07:00 ~ 06/03 (週二) 16:00
報名"
高教深耕,(高教深耕)(教師教學研習)敬邀國立清華大學化學工程學系 周鶴修教授兼國際產學營運總中心行政組組長演講,06/04 (週三) 15:10 ~ 15:10,"(高教深耕)(教師教學研習)敬邀國立清華大學化學工程學系 周鶴修教授兼國際產學營運總中心行政組組長演講 Facebook分享 LINE分享 取得網址 取得QrCode
活動時間：2025年6月4日 15:10~2025年6月4日 15:10 加入行事曆
活動地點：世芬理學講堂 (理學101) (地址：中原大學)
活動嘉賓：
活動類型： 專題或演講
參加對象： 校內教職員、校內學生
承辦：化學系
活動聯絡人： 林雨臻 03-2653344    
活動所屬單位： 化學系
本系邀請國立清華大學化學工程學系 周鶴修教授兼國際產學營運總中心行政組組長演講
演講主題:Design and Synthesis of Semiconducting Polymers for Nature-inspired Electronics (Electronic Skins) and Energy (Artificial Photosynthesis)
  報名期限
02/12 (週三) 00:00 ~ 06/04 (週三) 00:00
報名"
高教深耕,(高教深耕) 特殊業態新興創業家講座-一人公司(,06/04 (週三) 17:00 ~ 19:00,"(高教深耕) 特殊業態新興創業家講座-一人公司(6/4) Facebook分享 LINE分享 取得網址 取得QrCode
活動時間：2025年6月4日 17:00~2025年6月4日 19:00 加入行事曆
活動地點：中原大學 真知教學大樓105室 (地址：320桃園市中壢區中北路200號)
活動嘉賓： 洪偉翔 (iCatalog 創辦人)    
活動類型： 教育訓練
參加對象： 開放校內外人士
承辦：產學營運處創新創業發展中心
活動聯絡人： 潘建廷 03-2651812    
活動所屬單位： 產學營運處創新創業發展中心
講題 |　一人公司：我「小」故我在
講師 |　洪偉翔 (iCatalog 創辦人)
時間 |　114/06/04(三) 17:00-19:00
地點 |　中原大學 真知教學大樓105室
(若課程地點異動將以簡訊或郵件通知)
報名期限 | 即日起 至 114/06/03 止
活動承辦 | 潘助教 03-2651812
官方LINE | @pgu3467i
    報名期限
02/21 (週五) 00:00 ~ 06/03 (週二) 23:59
報名"
高教深耕,(高教深耕)第一場推廣國際計畫申請分享會,06/05 (週四) 10:00 ~ 12:00,"(高教深耕)第一場推廣國際計畫申請分享會 Facebook分享 LINE分享 取得網址 取得QrCode
活動時間：2025年6月5日 10:00~2025年6月5日 12:00 加入行事曆
活動地點：普仁小集
活動嘉賓：
活動類型： 專題或演講
參加對象： 校內教職員、校內學生
承辦：淨零轉型永續力中心
活動聯絡人： 王亭文 03-2651251    
活動所屬單位： 淨零轉型永續力中心
🎯想申請國際計畫卻不知道該怎麼下手嗎？
🔑想知道報名國際計畫的淺規則嗎？
那您一定不能錯過由淨零轉型永續力中心舉辦的「第一場推廣國際計畫申請分享會」!
分享會邀請到生科系吳宗遠教授與環工系王玉純教授，分別分享他們在申請國際計畫時的經驗。
  📍活動地點：普仁小集
📅活動日期：6/5（四）10:00-12:00
💖適合參與對象：教師、研究生（總人數以30人為限）
👉當天將提供午餐，如有特殊需求請告知
  分享會暫定議程如下：
時間
長度
流程
備註
09:30-10:00
30
報到
  10:00-10:10
10
開場
校務研究暨永續發展處 王玉純永續長
  10:10-11:00
50
主題演講1與Q&A(主題待定)
生科系 吳宗遠教授
  11:00-11:10
10
休息時間
  11:10-12:00
50
貝蒙計畫申請經驗分享與Q&A
環工系 王玉純教授
  12:00
  賦歸
      📞聯繫資訊：
淨零轉型永續力中心 王亭文小姐
03-2651251
  報名期限
05/20 (週二) 12:00 ~ 06/04 (週三) 12:00
報名"
高教深耕,(高教深耕)113學年度全人關懷獎－團體組,06/08 (週日) 09:00 ~ 17:00,"(高教深耕)113學年度全人關懷獎－團體組 Facebook分享 LINE分享 取得網址 取得QrCode
活動時間：2025年6月8日 09:00~2025年6月8日 17:00 加入行事曆
活動地點：
活動嘉賓：
活動類型： 活動
參加對象： 校內學生
承辦：學生事務處服務學習中心
活動聯絡人： 孫君瑋 03-2652157    
活動所屬單位： 學生事務處服務學習中心
（團體組報名頁面）
一、報名日期
即日起至 5 月 4 日（日）23:59 止
二、報名資格
個人組：
113-2學期具中原大學學籍之在校學生。
111年7月起至今曾熱心參與服務學習/志工活動，有具體服務事蹟者。
團體組：
113-2學期具中原大學學籍之在校學生組成團隊（3人以上）。
113年7月起至今曾經熱心參與服務學習/志工活動，有具體服務事蹟者。
三、報名方式
（一）填寫本報名表單（團體組由一人代表填寫即可）
（二）將下列資料以指定格式，上傳至指定雲端資料夾（填寫報名表單後3日內提供雲端連結）：
團隊成員名單（個人組免繳）。
服務摘要表。
服務成果報告。
個人資料提供暨著作權授權同意書 （所有團隊成員簽名後，掃描或拍照上傳）  。
其他附件，如影音紀錄、媒體報導或問卷回饋等成效佐證資料（如無則免）。
 （三）以上兩步驟皆須完成才算完成報名，必要時應依本中心要求提供書面資料。
四、競賽時程
受理報名：5 月 4 日（日）23:59 止。
資料上傳：5 月 7 日（三）23:59 前，上傳至指定雲端資料夾。
決選名單公告：5 月 28 日（三）17:00 前，公告於本中心官網並寄送電子郵件通知。
人氣獎票選：6 月 2 日（一）至 6 月 6 日（五），於票選期間在維澈樓1樓聯合行政服務中心展示發表區展出。
簡報決選暨頒獎典禮：6月 8 日（日）於中原大學校內舉辦。
五、競賽獎勵
（一）團體組錄取第一至三名及佳作，頒發獎勵如下：
第一名：獎金 1 萬 元、獎狀 1 張。
第二名：獎金 8 仟 元、獎狀 1 張。
第三名：獎金 6 仟 元、獎狀 1 張。
佳　作：獎金 4 仟 元、獎狀 1 張。
（二）個人組錄取第一至三名及佳作，頒發獎勵如下：
第一名：獎金 5 仟 元、獎狀 1 張。
第二名：獎金 4 仟 元、獎狀 1 張。
第三名：獎金 3 仟 元、獎狀 1 張。
佳　作：獎金 2 仟 元、獎狀 1 張。
（三）最佳人氣獎，團體組及個人組各取1名。頒發獎勵如下：
人氣獎：獎金 2 仟 元、獎狀乙張。
※如各類參賽作品未達水準，該獎項可由評審委員決議從缺。
※以上各獎項得獎團隊提報之成員，頒給獎狀 1 張，於頒獎典禮後以電子檔方式寄送。
六、競賽簡章及附件下載
👉連結在這裡
七、聯絡資訊
聯絡電話：03-2652152
聯絡信箱：cycuslgogogo@gmail.com
更多問題，歡迎參考全人關懷獎Q&A👉在這裡
  報名期限
03/24 (週一) 00:00 ~ 05/04 (週日) 23:59
已過期"
高教深耕,(高教深耕)113學年度全人關懷獎－個人組,06/08 (週日) 09:00 ~ 17:00,"(高教深耕)113學年度全人關懷獎－個人組 Facebook分享 LINE分享 取得網址 取得QrCode
活動時間：2025年6月8日 09:00~2025年6月8日 17:00 加入行事曆
活動地點：
活動嘉賓：
活動類型： 活動
參加對象： 校內學生
承辦：學生事務處服務學習中心
活動聯絡人： 孫君瑋 03-2652157    
活動所屬單位： 學生事務處服務學習中心
（個人組報名頁面）
一、報名日期
即日起至 5 月 4 日（日）23:59 止
二、報名資格
個人組：
113-2學期具中原大學學籍之在校學生。
111年7月起至今曾熱心參與服務學習/志工活動，有具體服務事蹟者。
團體組：
113-2學期具中原大學學籍之在校學生組成團隊（3人以上）。
113年7月起至今曾經熱心參與服務學習/志工活動，有具體服務事蹟者。
三、報名方式
（一）填寫本報名表單
（二）將下列資料以指定格式，上傳至指定雲端資料夾（填寫報名表單後3日內提供雲端連結）：
團隊成員名單（個人組免繳）。
服務摘要表。
服務成果報告。
個人資料提供暨著作權授權同意書 （所有團隊成員簽名後，掃描或拍照上傳）  。
其他附件，如影音紀錄、媒體報導或問卷回饋等成效佐證資料（如無則免）。
 （三）以上兩步驟皆須完成才算完成報名，必要時應依本中心要求提供書面資料。
四、競賽時程
受理報名：5 月 4 日（日）23:59 止。
資料上傳：5 月 7 日（三）23:59 前，上傳至指定雲端資料夾。
決選名單公告：5 月 28 日（三）17:00 前，公告於本中心官網並寄送電子郵件通知。
人氣獎票選：6 月 2 日（一）至 6 月 6 日（五），於票選期間在維澈樓1樓聯合行政服務中心展示發表區展出。
簡報決選暨頒獎典禮：6月 8 日（日）於中原大學校內舉辦。
五、競賽獎勵
（一）團體組錄取第一至三名及佳作，頒發獎勵如下：
第一名：獎金 1 萬 元、獎狀 1 張。
第二名：獎金 8 仟 元、獎狀 1 張。
第三名：獎金 6 仟 元、獎狀 1 張。
佳　作：獎金 4 仟 元、獎狀 1 張。
（二）個人組錄取第一至三名及佳作，頒發獎勵如下：
第一名：獎金 5 仟 元、獎狀 1 張。
第二名：獎金 4 仟 元、獎狀 1 張。
第三名：獎金 3 仟 元、獎狀 1 張。
佳　作：獎金 2 仟 元、獎狀 1 張。
（三）最佳人氣獎，團體組及個人組各取1名。頒發獎勵如下：
人氣獎：獎金 2 仟 元、獎狀乙張。
※如各類參賽作品未達水準，該獎項可由評審委員決議從缺。
※以上各獎項得獎團隊提報之成員，頒給獎狀 1 張，於頒獎典禮後以電子檔方式寄送。
六、競賽簡章及附件下載
👉連結在這裡
七、聯絡資訊
聯絡電話：03-2652152
聯絡信箱：cycuslgogogo@gmail.com
更多問題，歡迎參考全人關懷獎Q&A👉在這裡
  報名期限
03/24 (週一) 00:00 ~ 05/04 (週日) 23:59
已過期"
高教深耕,(高教深耕)微積分(下)期末考考前加強班(B群),06/02 (週一),"(高教深耕)微積分(下)期末考考前加強班(B群) Facebook分享 LINE分享 取得網址 取得QrCode
活動時間：2025年6月2日 18:00~2025年6月9日 19:45 加入行事曆
活動地點：教學308教室 (地址：桃園市中壢區中北路200號教學大樓308教室)
活動嘉賓：
活動類型： 教育訓練
參加對象： 校內學生
承辦：教務處學生學習發展中心
活動聯絡人： 林佳佳 03-2652056    
活動所屬單位： 教務處學生學習發展中心
為加強同學於共同必修課程之基礎知能
教務處學發中心規劃、邀請授課教師於考前開設考前加強班
歡迎學生踴躍報名


課程：微積分(下)期末考考前加強班(B群)
時間1：6/2(一)-D、E節(18:00-19:45)
時間2：6/9(一)-D、E節(18:00-19:45)
授課教師：許大偉 老師
地點：教學308
  報名期限
05/20 (週二) 14:30 ~ 06/09 (週一) 17:30
報名"
高教深耕,(通識自主學習)(高教深耕)(通識認證)(教師教學研習)【全人博雅講壇】,06/11 (週三) 15:10 ~ 17:00,"(通識自主學習)(高教深耕)(通識認證)(教師教學研習)【全人博雅講壇】06/11｜歐洲歷史文化中的「人造人」（機器人）敘事—在科學與魔法之間 Facebook分享 LINE分享 取得網址 取得QrCode
活動時間：2025年6月11日 15:10~2025年6月11日 17:00 加入行事曆
活動地點：張靜愚紀念圖書館一樓秀德廳
活動嘉賓：
活動類型： 專題或演講
參加對象： 開放校內外人士
承辦：通識教育中心
活動聯絡人： 張芸瑄 03-2656883    
活動所屬單位： 通識教育中心
活動資訊與注意事項
● 時間：114年6月11日（三）15:10-17:00
● 地點：張靜愚紀念圖書館一樓秀德廳
● 講題：歐洲歷史文化中的「人造人」（機器人）敘事—在科學與魔法之間
● 講員：温洽溢
● 講員介紹：
國立政治大學東亞研究所博士。世新大學通識中心副教授，兼舍我紀念館副館長，《傳記文學》雜誌社副社長。著作：《獻給皇帝的禮物：Wedgwood瓷器王國與漫長的十八世紀》，獲2019年Openbook中文創作類年度好書獎。並譯有多本書籍，如《改變中國》、《康熙：重構一位中國皇帝的內心界》等。
  ★ 參加通識活動之注意事項 ★
※ 報名時請填寫正確電子郵件帳號，若活動有異動將寄送電子郵件告知。
※ 本單位有修改活動之權利。若有任何更動，請以最新公告為主。
※ 參與人數額滿將提前結束報名！
※ 不刻出席時，請務必取消報名，以免資源浪費！
※ 依現場工作人員判定遲到或早退者，恕無法取得各項參與時數。
※ 請於活動結束後至簽到處出示學生證/職員證靠卡簽退，以保障您的權益！
※ 為維護您與他人的健康，若有身體不適，請避免出席活動。
  報名期限
02/17 (週一) 08:00 ~ 04/25 (週五) 12:00
已過期"
高教深耕,(高教深耕) 特殊業態新興創業家講座-特教學習工具(,06/11 (週三) 17:00 ~ 19:00,"(高教深耕) 特殊業態新興創業家講座-特教學習工具(6/11) Facebook分享 LINE分享 取得網址 取得QrCode
活動時間：2025年6月11日 17:00~2025年6月11日 19:00 加入行事曆
活動地點：中原大學 真知教學大樓105室 (地址：320桃園市中壢區中北路200號)
活動嘉賓： 呂翰霖 (AI SOLLY 共同創辦人)    
活動類型： 教育訓練
參加對象： 開放校內外人士
承辦：產學營運處創新創業發展中心
活動聯絡人： 潘建廷 03-2651812    
活動所屬單位： 產學營運處創新創業發展中心
講題 |　淺談深成式AI-教育上的應用
講師 |　呂翰霖 (AI SOLLY 共同創辦人)
時間 |　114/06/11(三) 17:00-19:00
地點 |　中原大學 真知教學大樓105室
(若課程地點異動將以簡訊或郵件通知)
報名期限 | 即日起 至 114/06/10 止
活動承辦 | 潘助教 03-2651812
官方LINE | @pgu3467i
    報名期限
02/21 (週五) 00:00 ~ 06/10 (週二) 23:59
報名"
高教深耕,(教師教學研習)(高教深耕) 產學合作契約的法律重點提醒,06/12 (週四) 12:00 ~ 13:00,"(教師教學研習)(高教深耕) 產學合作契約的法律重點提醒 Facebook分享 LINE分享 取得網址 取得QrCode
活動時間：2025年6月12日 12:00~2025年6月12日 13:00 加入行事曆
活動地點：普仁小集 (中原大學圖書館1樓103室)
活動嘉賓：
活動類型： 專題或演講
參加對象： 校內教職員、校內學生
承辦：產學營運處產學平台暨專利技轉中心
活動聯絡人： 劉方榆 03-2651842    
活動所屬單位： 產學營運處產學平台暨專利技轉中心
產學合作機會多，但契約陷阱也不少，懂得法律眉角才能保障自身權益。本場講座由實務律師親授，揭開合作條文背後的關鍵細節。無論你是老師、研究人員還是學生，只要正在或是有機會參與合作計畫，就值得提前掌握這些法律關鍵，為未來合作加上一道保險。
    報名期限
04/21 (週一) 00:00 ~ 06/12 (週四) 00:00
報名"
高教深耕,(高教深耕)服務學習推廣講座-服務無界，行動無限,06/12 (週四) 12:10 ~ 13:10,"(高教深耕)服務學習推廣講座-服務無界，行動無限 Facebook分享 LINE分享 取得網址 取得QrCode
活動時間：2025年6月12日 12:10~2025年6月12日 13:10 加入行事曆
活動地點：教學806教室
活動嘉賓： 應華三甲劉可觀同學    
活動類型： 專題或演講
參加對象： 校內教職員、校內學生
承辦：學生事務處服務學習中心
活動聯絡人： 范姜緗筠 03-2652153    
活動所屬單位： 學生事務處服務學習中心
突破界限，服務創造無限可能，每一次服務的行動都是改變的開始。
本次邀請到應華系三年級的劉可觀同學，將與我們分享參與志工服務團隊的經歷與收穫，從舉辦小朋友暑期營隊到馬來西亞海外服務，一次次的經驗又是如何結合她的科系專業，從中成長蛻變。
讓我們一起走出舒適圈，發現服務學習帶來的無限可能。
📅 講座時間：6/12（四）12:10~13:10
📍 講座地點：教學806教室
❤️分享人：應華系三甲劉可觀同學（111年服務學習種籽團、112年服務學習中心副領隊）
✨️只要全程參加講座，就可以兌換1張餐卷，讓你身心靈都有飽足感！
備註：餐卷兌換限中原大學教職員生，兌換方式將於講座中說明。
注意事項
📍   本場次優先給予尚未參與過本學期其他場次者，確認後將會盡快寄送報名通知信件，感謝您。
📍   活動無故未到者，將列入本中心活動黑名單，請珍惜寶貴活動資源。
📞聯絡資訊：
。【聯絡窗口】服務學習中心 范姜緗筠
。【聯絡電話】03-2652153
。【聯絡信箱】cycuslgogogo@gmail.com
  報名期限
03/20 (週四) 00:00 ~ 06/09 (週一) 12:00
報名"
高教深耕,(高教深耕)2025年跨域合作美感設計競賽,03/03 (週一),"(高教深耕)2025年跨域合作美感設計競賽 Facebook分享 LINE分享 取得網址 取得QrCode
活動時間：2025年3月3日 08:00~2025年6月12日 16:57 加入行事曆
活動地點：
活動嘉賓：
活動類型： 活動
參加對象： 校內學生
承辦：通識教育中心
活動聯絡人： 蔡維庭 03-2656877    
活動所屬單位： 通識教育中心
✨競賽目的：提升學生之美學感知、審美能力及美感創作力，展現中原美感生活，特辦理跨域美感設計競賽，結合美感與所學，創作出你心目中美感的想象。
✨作品主題：請以「美感」為核心，以「樂音之美」🎶為理念發想，將其化為實際創作呈現，並隨作品附上300字的主題描述（填寫於報名表內）。
✨參賽辦法：以「團隊形式」參與，團隊需由跨系所學生組成（一隊須包含兩個以上系所組成），團隊人數以2～4人為限。
✨競賽組別：競賽分為「平面組」、「立體組」、「數位媒體組」，每隊參賽件數不限。
（作品形式與相關規定請參考比賽辦法）
✨收件日期：114年06月12日（四）17:00截止
✨競賽獎勵：
  第一名（平面、立體、數位媒體組各一） 獎金10,000元及獎狀乙紙
  第二名（平面、立體、數位媒體組各一） 獎金8,000元及獎狀乙紙
  第三名（平面、立體、數位媒體組各一） 獎金5,000元及獎狀乙紙
 特別創意獎（平面組、立體組、數位媒體組各二） 獎金1,000元及獎狀乙紙
  📃2025年跨域合作美感設計競賽 比賽簡章 請點我 查看
📝準備參賽 請點我 填寫CYCU表單
附件：
2025中原大學跨域合作美感設計競賽簡章.pdf (檔案大小： 304 KB)
  不需線上報名"
高教深耕,(教師教學研習)(高教深耕)教學實踐計畫成果發表會(2)：教學實踐研究--數位學習與翻轉教學的全英語專業課程,06/16 (週一) 12:00 ~ 13:00,"(教師教學研習)(高教深耕)教學實踐計畫成果發表會(2)：教學實踐研究--數位學習與翻轉教學的全英語專業課程 Facebook分享 LINE分享 取得網址 取得QrCode
活動時間：2025年6月16日 12:00~2025年6月16日 13:00 加入行事曆
活動地點：張靜愚紀念圖書館103室-普仁小集 (地址：桃園市中壢區中北路200號)
活動嘉賓： 應外系-林慧茹老師    
活動類型： 專題或演講
參加對象： 校內教職員
主辦：教務處教師教學發展中心
活動聯絡人： 翁顥軒 03-2652074    
活動所屬單位： 教務處教師教學發展中心
*備註事項：
(1)全程參與者將核發 1 小時研習時數。
(2)本活動提供午餐，敬請完成線上報名以利統計。
(3)本場活動未提供錄影或線上觀看，僅此一場，敬請見諒並把握參與機會。
  報名期限
04/01 (週二) 09:00 ~ 06/09 (週一) 12:00
報名"
高教深耕,(教師教學研習)(高教深耕)ISO 14067產品碳足跡 內部查證員,06/23 (週一) 08:30 ~ 17:00,"(教師教學研習)(高教深耕)ISO 14067產品碳足跡 內部查證員 Facebook分享 LINE分享 取得網址 取得QrCode
活動時間：2025年6月23日 08:30~2025年6月23日 17:00 加入行事曆
活動地點：教學大樓806(日日新共學區)
活動嘉賓：
活動類型： 教育訓練
參加對象： 校內教職員
承辦：校務研究暨永續發展處永續治理辦公室
活動聯絡人： 俞曉蘭 03-2651232    
活動所屬單位： 校務研究暨永續發展處永續治理辦公室
各位師長同仁您好：
ISO 14067 是一個國際標準，旨在對組織進行全面溫室氣體排放評估，包括產品的原材料獲取、製造、使用和處理等階段。有助於組織了解其產品對氣侯變化的影響，減少排放和改進產品的環境性能。
  課程名稱：ISO 14067產品碳足跡 內部查證員
日期時間：114年6月23日(一)08:30~17:00
課程地點：教學大樓806(日日新共學區)
參加對象：限校內教職員報名
課程名額：20名
課程規定：因名額有限，若無法全程參與者請勿報名；請自備筆電；課程中禁止攝(錄)影音行為。
  ♦報名完成後由永續處審核上課資格，依私校獎補助、高教深耕指標需求為審核標準，本課程由高教深耕計畫補助。
♦認列：教職員研習時數。
♦為配合環保政策，敬請攜帶環保杯、筷及個人文具用品參加。
  報名期限
04/29 (週二) 12:00 ~ 05/24 (週六) 12:00
報名
※報名已達活動預計人數"
高教深耕,(教師教學研習)(高教深耕)ISO 14068-1標準入門與案例研討,06/24 (週二) 08:30 ~ 17:00,"(教師教學研習)(高教深耕)ISO 14068-1標準入門與案例研討 Facebook分享 LINE分享 取得網址 取得QrCode
活動時間：2025年6月24日 08:30~2025年6月24日 17:00 加入行事曆
活動地點：教學大樓806(日日新共學區)
活動嘉賓：
活動類型： 教育訓練
參加對象： 校內教職員
承辦：校務研究暨永續發展處永續治理辦公室
活動聯絡人： 俞曉蘭 03-2651232    
活動所屬單位： 校務研究暨永續發展處永續治理辦公室
各位師長同仁您好：
隨著全球氣候變化加劇，企業與組織面臨越來越大的減碳壓力，ISO 14068-1 提供了統一的標準，幫助企業、組織和產品在實現碳中和的過程中遵循一致的原則，進一步推動全球碳排放的減少。
  課程名稱： ISO 14068-1標準入門與案例研討
日期時間：114年6月24日(二)08:30~17:00
課程地點：教學大樓806(日日新共學區)
參加對象：限校內教職員報名
課程名額：30名
課程規定：因名額有限，若無法全程參與者請勿報名；請自備筆電；課程中禁止攝(錄)影音行為。
  ♦報名完成後由永續處審核上課資格，依私校獎補助、高教深耕指標需求為審核標準，本課程由高教深耕計畫補助。
♦認列：教職員研習時數。
♦為配合環保政策，敬請攜帶環保杯、筷及個人文具用品參加。
  報名期限
04/29 (週二) 12:00 ~ 05/24 (週六) 12:00
報名"
通識自主學習,(高教深耕)(通識自主學習)113-2張靜愚紀念圖書館中英文讀書會,02/14 (週五),"(高教深耕)(通識自主學習)113-2張靜愚紀念圖書館中英文讀書會 Facebook分享 LINE分享 取得網址 取得QrCode
活動時間：2025年2月14日 00:00~2025年5月27日 00:00 加入行事曆
活動地點：
活動嘉賓：
活動類型： 活動
參加對象： 開放校內外人士
承辦：圖書館讀者服務組
活動聯絡人： 黃楹茹03-265-2839     吳佳穎03-265-2845    
活動所屬單位： 圖書館讀者服務組
各位同學看過來~圖書館讀書會開跑囉！
無論是想和不同國家的外籍生互動，
還是想找三五好友一同體會書中樂趣，
絕對不能錯過圖書館為您準備的讀書會活動！

申請通過後，全程參與並符合相關規定者
可申請通識自主學習0.2學分 及 獲得 獎勵金
 👉籌組英文讀書會【詳情請點我】
 👉學生自組讀書會【詳情請點我】

誠摯歡迎各位踴躍參與喔！
  不需線上報名"
通識自主學習,(通識自主學習)(高教深耕)【通識青年論壇】,05/27 (週二) 15:10 ~ 17:00,"(通識自主學習)(高教深耕)【通識青年論壇】05/27｜年齡≠能力，17歲的我，能做些什麼？ Facebook分享 LINE分享 取得網址 取得QrCode
活動時間：2025年5月27日 15:10~2025年5月27日 17:00 加入行事曆
活動地點：張靜愚紀念圖書館一樓秀德廳
活動嘉賓：
活動類型： 專題或演講
參加對象： 開放校內外人士
承辦：通識教育中心
活動聯絡人： 張芸瑄 03-2656883    
活動所屬單位： 通識教育中心
活動資訊與注意事項
● 時間：114年5月27日（二）15:10-17:00
● 地點：張靜愚紀念圖書館一樓秀德廳
● 講題：年齡≠能力，17歲的我，能做些什麼？
● 講員：李爅
● 講員介紹：
李爅，當時是年齡17歲的高中生，憑著一股毅力與愛心，以募集物資的方式，成立了【全國首創校園食物銀行】並於107年06月02日正式成立協會，以【愛心公開透明】為宗旨，號召青年學子為社會出一份力量，愛心不分年齡人人都可以做的精神，希望達成【全台無飢餓 人人都溫飽】的目標。
  ★ 參加通識活動之注意事項 ★
※ 報名時請填寫正確電子郵件帳號，若活動有異動將寄送電子郵件告知。
※ 本單位有修改活動之權利。若有任何更動，請以最新公告為主。
※ 參與人數額滿將提前結束報名！
※ 不刻出席時，請務必取消報名，以免資源浪費！
※ 依現場工作人員判定遲到或早退者，恕無法取得各項參與時數。
※ 請於活動結束後出示學生證/職員證嗶卡簽退，以保障您的權益！
※ 為維護您與他人的健康，若身體不適，請避免出席活動。
  報名期限
03/31 (週一) 08:00 ~ 05/23 (週五) 17:00
已過期"
通識自主學習,(風雅頌)(通識自主學習)1,05/28 (週三) 12:50 ~ 14:00,"(風雅頌)(通識自主學習)114/05/28普仁崗音樂節《二比一的音樂故事集》 Facebook分享 LINE分享 取得網址 取得QrCode
活動時間：2025年5月28日 12:50~2025年5月28日 14:00 加入行事曆
活動地點：風雅頌藝文廳
活動嘉賓： 長笛／邱佩珊     單簧管／楊元碩     鋼琴／王亞文    
活動類型： 表演
參加對象： 開放校內外人士
承辦：風雅頌音樂中心
活動聯絡人： 徐郁婷 03-2651281    
活動所屬單位： 通識教育中心風雅頌音樂中心
《二比一的音樂故事集》
日期：2025年05月28日（三）
入場時間：中午12：30（排隊入場）
開演時間：中午12：50－14：00
地點：風雅頌藝文廳（真知教學大樓2樓）
  【演出人員】
長笛／邱佩珊
單簧管／楊元碩
鋼琴／王亞文
  【節目介紹】
二比一擅長將音樂具象化，讓抽象的旋律轉化為充滿畫面感的情節與角色。每個音符、每個樂句，都能被轉譯成幽默風趣、充滿想像力的故事語言。他們以誇張又充滿戲劇性的方式詮釋《阿諾大幻想曲》，用高超精湛的技巧展現《卡門》的熱情與張力，讓觀眾在音樂的律動中彷彿走進了一場場精彩的劇場演出。
在舞台上，故事與音樂密不可分，音樂推動情節發展，故事又為音樂注入新的靈魂與生命。這不僅是一場音樂會，更像是一場活靈活現的表演藝術饗宴，讓觀眾在笑聲與感動之中重新認識古典音樂的魅力。
那麼，這一次，二比一究竟又會帶來什麼樣新鮮有趣的節目內容？是令人驚喜的編曲？意想不到的角色設定？還是打破想像的創意詮釋？只能親自來到現場，才能揭曉這場音樂魔法的答案！
  【演出曲目】
德布西：小組曲
Debussy：Petite Suite
  I. 小船 En Bateau
  II. 遊行 Cortège
  III. 小步舞曲 Menuet
  IV. 芭蕾 Ballet
阿諾：給長笛、單簧管與鋼琴的大幻想曲
Arnold：Grand Fantasia for Flute, Clarinet and Piano
蕭士塔高維奇：四首華爾滋
Shostakovich：Four Waltzes
  I. 手搖管風琴華爾滋 Barrel Organ Waltz
  II. 春之華爾滋 Spring Waltz
  III. 華爾滋 Waltz
  IV. 笑話華爾滋 Joke Waltz
比才：給長笛、單簧管與鋼琴的卡門幻想曲
Bizet：Carmen Fantasie for Flute, Clarinet and Piano
      【注意事項】
1.  請依工作人員指示入場。
2.  場內禁止飲食飲水、雨傘請放置門口旁的傘架。
3. 本場音樂會有列入「通識自主學習學分」，若需認證者，請攜帶學生證，並於音樂會入場時，依工作人員指示靠卡簽到。
4. 主辦單位保有活動內容／流程調整之權利，若有相關異動，將公告於本中心臉書粉絲專頁。
  不需線上報名"
通識自主學習,(通識自主學習)114健康促進講座｜,05/29 (週四) 12:10 ~ 12:10,"(通識自主學習)114健康促進講座｜5/29 大學「避」修課-做出負責任的選擇! Facebook分享 LINE分享 取得網址 取得QrCode
活動時間：2025年5月29日 12:10~2025年5月29日 12:10 加入行事曆
活動地點：全人村北棟4樓國際會議廳
活動嘉賓： 台灣婦產科醫學會    
活動類型： 專題或演講
參加對象： 校內學生
承辦：學生事務處衛生保健組
活動聯絡人： 陳筠香 03-2652163    
活動所屬單位： 學生事務處衛生保健組
大學「避」修課-做出負責任的選擇!
✨學習保護自己，建立健康關係✨
👤主講人：麥迪森 醫師
台灣婦產科學會、宏其婦幼醫院
📅 活動日期｜2025年5月29日（四）
🕒 活動時間｜12:10 - 13:10
📍 活動地點｜中原大學國際會議廳(全人教育村北棟4樓)
👤 活動對象：本校在校學生120名，女性優先報名。
青春不補考，愛要有智慧！
本場講座將深入淺出講解避孕方式全面解析、健康兩性關係建立與愛滋病與性病預防，讓我們一起勇敢面對性、理性選擇愛、負責自己的身體與未來。
    報名期限
05/05 (週一) 00:00 ~ 05/25 (週日) 12:59
報名"
通識自主學習,(通識自主學習)(教師教學研習)【中原70邁向永續】永續發展教育-融滲共創偕行講座,06/04 (週三) 09:30 ~ 12:00,"(通識自主學習)(教師教學研習)【中原70邁向永續】永續發展教育-融滲共創偕行講座 Facebook分享 LINE分享 取得網址 取得QrCode
活動時間：2025年6月4日 09:30~2025年6月4日 12:00 加入行事曆
活動地點：中原大學張靜愚紀念圖書館 秀德廳 (地址：桃園市中壢區中北路200號)
活動嘉賓： 中原大學國際經營與貿易學系 林師模特聘教授     國立成功大學工業衛生學科暨環境醫學研究所 蘇慧貞 名譽教授    
活動類型： 教育訓練
參加對象： 校內教職員、校內學生
承辦：校務研究暨永續發展處永續治理辦公室
活動聯絡人： 王永春 03-2651231    
活動所屬單位： 校務研究暨永續發展處永續治理辦公室
面對氣候變遷與資源枯竭等全球挑戰，永續發展已成為各領域關注的核心議題。大學應將永續理念融入教學與研究，推動跨領域課程與創新探索，同時透過USR實踐社會責任，連結在地與全球，培育具永續思維與行動力的專業人才與未來領袖。
日期：114年6月4日(三)上午09：30至12：00
地點：中原大學張靜愚紀念圖書館 秀德廳
※ 認列教師、職員教育訓練時數 ※
※ 認列通識教育自主學習課程學分 ※
※ 會後備有餐盒，需線上報名 ※
  報名期限
05/07 (週三) 13:00 ~ 05/28 (週三) 17:00
報名"
通識自主學習,(風雅頌)(通識自主學習)1,06/04 (週三) 12:50 ~ 14:00,"(風雅頌)(通識自主學習)114/06/04《時光交錯：19世紀長笛與吉他的音樂沙龍》 Facebook分享 LINE分享 取得網址 取得QrCode
活動時間：2025年6月4日 12:50~2025年6月4日 14:00 加入行事曆
活動地點：風雅頌藝文廳
活動嘉賓： 浪漫時期長笛／簡志賢     浪漫時期吉他／林家瑋    
活動類型： 表演
參加對象： 開放校內外人士
承辦：風雅頌音樂中心
活動聯絡人： 徐郁婷 03-2651281    
活動所屬單位： 通識教育中心風雅頌音樂中心
《時光交錯：19世紀長笛與吉他的音樂沙龍》
日期：2025年06月04日（三）
入場時間：中午12：30（排隊入場）
開演時間：中午12：50－14：00
地點：風雅頌藝文廳（真知教學大樓2樓）

【演出人員】
浪漫時期長笛／簡志賢
浪漫時期吉他／林家瑋
  【節目介紹】
古長笛演奏家簡志賢自德國學成返台，積極透過主題音樂會展示各時期的長笛風格。本次音樂會邀請長期合作的古典吉他演奏家林家瑋聯袂演出，二人將使用仿製的浪漫時期複刻長笛與吉他，演奏19世紀沙龍音樂中的二重奏及小夜曲，重現當時優美和諧的音色。
音樂會不僅呈現浪漫時期音樂的細膩與溫暖，還透過精心設計的仿製樂器，將當時的獨特音色與音樂氛圍完美再現。
無論是古典音樂愛好者，還是對樂器與音樂歷史感興趣的觀眾，都能在演出中獲得深刻的欣賞與享受。觀眾將有機會一窺歷史樂器的音色魅力，並感受音樂美學的時代風華。
  【演出曲目】
帕格尼尼：第一號重音奏鳴曲
Niccoò Paganini：“Centone di Sonate” Sonata Prima
  I. 小廣板般的導奏 Introduzione Larghetto
  II. 進行曲速度般的莊嚴快板 Allegro maestoso Tempo di Marcia
  III. 快板的小圓舞曲 Rondoncino Allegro
朱利亞尼：給長笛或小提琴與吉他的大二重奏協奏曲，作品85
Mauro Giuliani：Grand Duo Concertant pour Flûte ou Violon et Guitarre, Op. 85
  I. 中庸的快板 Allegro moderato
  II. 十分綿延的行板 Andante molto sostenuto
  III. 詼諧曲 Scherzo
  IV. 富有表現力的稍快板 Allegretto espressive
古諾：聖母頌
Charles Gounod：Ave Maria
庫夫納：小夜曲，作品44
Joseph Küffner：Serenade, Op. 44
      【注意事項】
1.  請依工作人員指示入場。
2.  場內禁止飲食飲水、雨傘請放置門口旁的傘架。
3. 本場音樂會有列入「通識自主學習學分」，若需認證者，請攜帶學生證，並於音樂會入場時，依工作人員指示靠卡簽到。
4. 主辦單位保有活動內容／流程調整之權利，若有相關異動，將公告於本中心臉書粉絲專頁。
  不需線上報名"
通識自主學習,(風雅頌)(通識自主學習)1,06/05 (週四) 16:00 ~ 17:10,"(風雅頌)(通識自主學習)114/06/05《慈悲的跤步》音樂故事專輯 Facebook分享 LINE分享 取得網址 取得QrCode
活動時間：2025年6月5日 16:00~2025年6月5日 17:10 加入行事曆
活動地點：風雅頌藝文廳
活動嘉賓： 音樂總監／林少英     主唱／Sunny     鍵盤／潘俐伶     電吉他／王文彥     笙／黃朧逸    
活動類型： 表演
參加對象： 開放校內外人士
承辦：風雅頌音樂中心
活動聯絡人： 徐郁婷 03-2651281    
活動所屬單位： 通識教育中心風雅頌音樂中心
《慈悲的跤步》音樂故事專輯
日期：2025年06月05日（四）
入場時間：下午03：30（排隊入場）
開演時間：下午04：00－05：10
地點：風雅頌藝文廳（真知教學大樓2樓）

【演出人員】
音樂總監／林少英
主唱／Sunny
鍵盤／潘俐伶
電吉他／王文彥
笙／黃朧逸
  【節目介紹】
當年去美國求學，尋根溯源什麼是 Blues、什麼是 Jazz ，我將這句話牢牢放在心底，它日後也陪伴著我的創作生涯。數十年來，我所有的專輯創作和重大演出，第一個音符就是故事的開始，最後一個音符是故事的收尾。我一直希望聽眾能沉浸在音樂描摹的情境中，到終場留下一句「這音樂很有畫面」。《慈悲的跤步》便由這個設想出發，重構了詩人路寒袖的同名台語詩。此外，我一直想做一張「倒敍」的專輯。我的倒敘，指的是聆聽順序：專輯能順著聽，但你也能選擇先把最後一首聽完，再回到第一首接著一首首聽下去。我相信，以這張專輯的最後一首曲子為錨點去嘗試各種聆聽順序，便是靠攏向 a song is telling a story 精神的完整體現，《慈悲的跤步》專輯本來也就是朝著這方向構思的。
  【演出曲目】
作詞：路寒袖／作曲：林少英、Sunny／編曲：林少英
《序曲：夜裡翱翔》
《是媽媽嘛是阿媽》
《鸞》
《令旗展開》
《一步一步》
《行過溪邊行過田岸》
《拉不住夕陽》
    【注意事項】
1.  請依工作人員指示入場。
2.  場內禁止飲食飲水、雨傘請放置門口旁的傘架。
3. 本場音樂會有列入「通識自主學習學分」，若需認證者，請攜帶學生證，並於音樂會入場時，依工作人員指示靠卡簽到。
4. 主辦單位保有活動內容／流程調整之權利，若有相關異動，將公告於本中心臉書粉絲專頁。
  不需線上報名"
通識自主學習,(風雅頌)(通識自主學習)1,06/11 (週三) 12:50 ~ 14:00,"(風雅頌)(通識自主學習)114/06/11《章韶洵鋼琴獨奏會－戰火淬煉的樂章》 Facebook分享 LINE分享 取得網址 取得QrCode
活動時間：2025年6月11日 12:50~2025年6月11日 14:00 加入行事曆
活動地點：風雅頌藝文廳
活動嘉賓： 鋼琴／章韶洵    
活動類型： 表演
參加對象： 開放校內外人士
承辦：風雅頌音樂中心
活動聯絡人： 徐郁婷 03-2651281    
活動所屬單位： 通識教育中心風雅頌音樂中心
章韶洵鋼琴獨奏會－戰火淬煉的樂章
日期：2025年06月11日（三）
入場時間：下午12：30（排隊入場）
開演時間：下午12：50－14：00
地點：風雅頌藝文廳（真知教學大樓2樓）

【演出人員】
鋼琴／章韶洵
  【節目介紹】
戰爭貫穿人類歷史，帶來無數苦難與傷痕。即使硝煙散去，那些記憶仍未遠離。作曲家以音樂紀錄時代，用旋律回應動盪，傳遞對和平的反思與期待。本場音樂會精選演出多首與戰爭有關的作品，邀請您在音樂中回望歷史，聆聽情感與記憶的回聲。
  【演出曲目】
蕭邦：降A大調波蘭舞曲《英雄》
F. Chopin：“Heroic” Polonaise in A-flat Major, Op. 53
浦朗克：憂鬱
F. Poulenc：Mélancolie, FP. 105
梅特納：A小調鋼琴奏鳴曲，作品30
N. Medtner：Piano Sonata in A Minor, Op. 30
普羅高菲夫：降B大調第八號鋼琴奏鳴曲，作品84
S. Prokofiev：Piano Sonata No. 8 in B-flat Major, Op. 84
  I. 溫柔的行板–適度的快板 Andante dolce–Allegro moderato
  II. 夢幻的行板 Andante sognando
  III. 活潑的 Vivace
    【注意事項】
1.  請依工作人員指示入場。
2.  場內禁止飲食飲水、雨傘請放置門口旁的傘架。
3. 本場音樂會有列入「通識自主學習學分」，若需認證者，請攜帶學生證，並於音樂會入場時，依工作人員指示靠卡簽到。
4. 主辦單位保有活動內容／流程調整之權利，若有相關異動，將公告於本中心臉書粉絲專頁
  不需線上報名"
通識自主學習,(通識自主學習)(高教深耕)(通識認證)(教師教學研習)【全人博雅講壇】,06/11 (週三) 15:10 ~ 17:00,"(通識自主學習)(高教深耕)(通識認證)(教師教學研習)【全人博雅講壇】06/11｜歐洲歷史文化中的「人造人」（機器人）敘事—在科學與魔法之間 Facebook分享 LINE分享 取得網址 取得QrCode
活動時間：2025年6月11日 15:10~2025年6月11日 17:00 加入行事曆
活動地點：張靜愚紀念圖書館一樓秀德廳
活動嘉賓：
活動類型： 專題或演講
參加對象： 開放校內外人士
承辦：通識教育中心
活動聯絡人： 張芸瑄 03-2656883    
活動所屬單位： 通識教育中心
活動資訊與注意事項
● 時間：114年6月11日（三）15:10-17:00
● 地點：張靜愚紀念圖書館一樓秀德廳
● 講題：歐洲歷史文化中的「人造人」（機器人）敘事—在科學與魔法之間
● 講員：温洽溢
● 講員介紹：
國立政治大學東亞研究所博士。世新大學通識中心副教授，兼舍我紀念館副館長，《傳記文學》雜誌社副社長。著作：《獻給皇帝的禮物：Wedgwood瓷器王國與漫長的十八世紀》，獲2019年Openbook中文創作類年度好書獎。並譯有多本書籍，如《改變中國》、《康熙：重構一位中國皇帝的內心界》等。
  ★ 參加通識活動之注意事項 ★
※ 報名時請填寫正確電子郵件帳號，若活動有異動將寄送電子郵件告知。
※ 本單位有修改活動之權利。若有任何更動，請以最新公告為主。
※ 參與人數額滿將提前結束報名！
※ 不刻出席時，請務必取消報名，以免資源浪費！
※ 依現場工作人員判定遲到或早退者，恕無法取得各項參與時數。
※ 請於活動結束後至簽到處出示學生證/職員證靠卡簽退，以保障您的權益！
※ 為維護您與他人的健康，若有身體不適，請避免出席活動。
  報名期限
02/17 (週一) 08:00 ~ 04/25 (週五) 12:00
已過期"
通識自主學習,(風雅頌)(通識自主學習)1,06/12 (週四) 16:00 ~ 17:10,"(風雅頌)(通識自主學習)114/06/12《午後泰勒曼》 Facebook分享 LINE分享 取得網址 取得QrCode
活動時間：2025年6月12日 16:00~2025年6月12日 17:10 加入行事曆
活動地點：風雅頌藝文廳
活動嘉賓： 巴洛克長笛／林悅慈     巴洛克雙簧管／張芸嫚     巴洛克小提琴／呂珮菱     維奧爾琴／楊竣元    
活動類型： 表演
參加對象： 開放校內外人士
承辦：風雅頌音樂中心
活動聯絡人： 徐郁婷 03-2651281    
活動所屬單位： 通識教育中心風雅頌音樂中心
午後泰勒曼
日期：2025年06月12日（四）
入場時間：下午03：30（免費入場）
開演時間：下午04：00－05：10
地點：風雅頌藝文廳（真知教學大樓2樓）
  【演出人員】
巴洛克長笛／林悅慈
巴洛克雙簧管／張芸嫚
巴洛克小提琴／呂珮菱
維奧爾琴／楊竣元
  【節目介紹】
此次音樂會，我們將帶領聽眾穿越時光，探索巴洛克音樂大師泰勒曼（Georg Philipp Telemann）豐富多采的音樂世界。以二重奏、三重奏與四重奏為編制，與優雅的旋律對位作品為主軸，本場演出呈現出泰勒曼以旋律為畫筆所勾勒出的和諧音景，感受那既典雅又生動的樂音流轉之中。
  【演出曲目】
泰勒曼：G大調四重奏協奏曲，作品43:G6
G. P. Telemann: Concerto for Four Instruments in G Major, TWV 43:G6
  I. 活潑的 Vivace
  II. 莊重的 Grave
  III. 快板 Allegro
泰勒曼：G大調奏鳴曲，作品42:G8
G. P. Telemann: Sonata in G Major, TWV 42:G8
  I. 柔和的 Soave
  II. 快板 Allegro
  III. 行走的 Andante
  IV. 快板 Allegro
泰勒曼：卡農旋律集，第1首，作品40:123
G. P. Telemann: Canons Mélodieux, TWV 40:123, No. 1
  I. 活潑的 Vivace
  II. 慢板 Adagio
  III. 快板 Allegro
泰勒曼：G大調四重奏，作品43:G2
G. P. Telemann: Quatuor in G Major, TWV 43:G2
  I. 寬廣的–快板–寬廣的 Largo–Allegro–Largo
  II. 活潑的–適中的–活潑的 Vivace–Moderato–Vivace
  III. 莊重的 Grave
  IV. 活潑的 Vivace
    【注意事項】
1.  請依工作人員指示入場。
2.  場內禁止飲食飲水、雨傘請放置門口旁的傘架。
3. 本場音樂會有列入「通識自主學習學分」，若需認證者，請攜帶學生證，並於音樂會入場時，依工作人員指示靠卡簽到。
4. 主辦單位保有活動內容／流程調整之權利，若有相關異動，將公告於本中心臉書粉絲專頁。
    不需線上報名"
通識自主學習,(通識自主學習)「創業打 Game，團隊、任務、闖關來真的！」國際創業領袖營招募中,06/30 (週一),"(通識自主學習)「創業打 Game，團隊、任務、闖關來真的！」國際創業領袖營招募中 Facebook分享 LINE分享 取得網址 取得QrCode
活動時間：2025年6月30日 08:00~2025年7月18日 17:00 加入行事曆
活動地點：知行領航館201室
活動嘉賓：
活動類型： 通識課程
參加對象： 校內學生
承辦：產學營運處創新創業發展中心
活動聯絡人： 吳逸菱 03-2651813    
活動所屬單位： 產學營運處創新創業發展中心
☀️ 想在全英語環境學創業、組團隊、拓視野嗎？
這個夏天，來一場結合 創業模擬、企業參訪、國際交流與文化探索 的夏日冒險吧！
📌 在默契中交朋友，在挑戰中學創業，
📌 與國際學生一起激發創意、打造夢想，
📌 讓這個暑假成為你人生中收穫滿滿的一站！
💡活動資訊｜
🔸課程時間：6月30日（日）至 7月18日（四）
平日 09:00–16:30（週末自由探索）
🔸參加費用：1500元／人
🔸地點：中原大學 知行領航館 201 教室
🔸暑期文化之旅：安排兩場平日（週三）文化體驗活動。
考量國際學生難得來台，我們特別保留週末時間，
讓學生們能與國際夥伴一同深入探索台灣在地文化！
👉文化之旅預估費用：500～1000元（費用商討中）
✔️通過審核者將收到繳費 QR CODE。
⏰ 報名截止時間：即日起至 5月29日（三）23:59 前
🚀立即加入我們，一起創業冒險！
✨「最嗨創業遊戲 START！名額有限，搶先卡位！」
✨「創意交朋友，創業拚未來！快來參加！」
✨「創業冒險，立即報名！」
📞 聯絡資訊｜
吳專員　03-265-1813
沈專員　03-265-1723
  報名期限
04/18 (週五) 00:00 ~ 05/29 (週四) 23:59
報名"
通識認證,(風雅頌)(通識認證)1,05/29 (週四) 19:00 ~ 20:30,"(風雅頌)(通識認證)114/05/29普仁崗音樂節－樂曲悠揚《漫步中原》 Facebook分享 LINE分享 取得網址 取得QrCode
活動時間：2025年5月29日 19:00~2025年5月29日 20:30 加入行事曆
活動地點：瑞麗堂
活動嘉賓： 小提琴／王逸超     大提琴／邱明宏     鋼琴／陳文婉    
活動類型： 表演
參加對象： 開放校內外人士
承辦：風雅頌音樂中心
活動聯絡人： 徐郁婷 03-2651281    
活動所屬單位： 通識教育中心風雅頌音樂中心
《漫步中原》
日期：2025年05月29日（四）
入場時間 18：30（免費入場）
開演時間 19：00－20：30
地點：瑞麗堂
  【演出人員】
小提琴／王逸超
大提琴／邱明宏
鋼琴／陳文婉
導聆／蕭景雲
  【節目介紹】
《漫步》來自音樂術語中的行板 (Andante)，《漫步中原》是一場舒適穿梭在音樂裡的旅程。本場音樂會以精緻的室內樂演奏，呈現出古典音樂的豐富色彩與心靈的昇華、樂器間的相互對話與和諧交織，繪製出一幅幅詩意畫面，從安靜到激昂、從溫暖到戲劇。在這段音樂旅程中，帶領觀眾在中原的校園裡漫步，感受校園的藝文氣息、享受音樂帶來的瞬間感動。
  【演出曲目】
蕭士塔高維奇：第二號E小調鋼琴三重奏，作品67
D. Shostakovich：Piano Trio No. 2 in E Minor, Op. 67
孟德爾頌：第一號D小調鋼琴三重奏，作品49
F. Mendelssohn：Piano Trio No. 1 in D Minor, Op. 49
      【注意事項】
1.  本場音樂會無需報名，請於入場時間排隊入場。
2.  場內禁止飲食飲水、雨傘請放置門口旁的傘架。
3. 請依工作人員指示入場。
4. 本場音樂會有列入「通識認證」、「通識自主學習學分」，若需認證者，請攜帶學生證，並於音樂會離場時，完成意見回饋單後，依工作人員指示靠卡簽到。
5. 主辦單位保有活動內容／流程調整之權利，若有相關異動，將公告於本中心臉書粉絲專頁。
  不需線上報名"
通識認證,(通識認證)113-2博雅電影院_1,03/19 (週三),"(通識認證)113-2博雅電影院_1 Facebook分享 LINE分享 取得網址 取得QrCode
活動時間：2025年3月19日 00:00~2025年6月4日 00:00 加入行事曆
活動地點：張靜愚紀念圖書館一樓秀德廳
活動嘉賓：
活動類型： 活動
參加對象： 校內學生
承辦：圖書館讀者服務組
活動聯絡人： 黃楹茹 03-2652839    
活動所屬單位： 圖書館讀者服務組
  不需線上報名"
通識認證,(通識自主學習)(高教深耕)(通識認證)(教師教學研習)【全人博雅講壇】,06/11 (週三) 15:10 ~ 17:00,"(通識自主學習)(高教深耕)(通識認證)(教師教學研習)【全人博雅講壇】06/11｜歐洲歷史文化中的「人造人」（機器人）敘事—在科學與魔法之間 Facebook分享 LINE分享 取得網址 取得QrCode
活動時間：2025年6月11日 15:10~2025年6月11日 17:00 加入行事曆
活動地點：張靜愚紀念圖書館一樓秀德廳
活動嘉賓：
活動類型： 專題或演講
參加對象： 開放校內外人士
承辦：通識教育中心
活動聯絡人： 張芸瑄 03-2656883    
活動所屬單位： 通識教育中心
活動資訊與注意事項
● 時間：114年6月11日（三）15:10-17:00
● 地點：張靜愚紀念圖書館一樓秀德廳
● 講題：歐洲歷史文化中的「人造人」（機器人）敘事—在科學與魔法之間
● 講員：温洽溢
● 講員介紹：
國立政治大學東亞研究所博士。世新大學通識中心副教授，兼舍我紀念館副館長，《傳記文學》雜誌社副社長。著作：《獻給皇帝的禮物：Wedgwood瓷器王國與漫長的十八世紀》，獲2019年Openbook中文創作類年度好書獎。並譯有多本書籍，如《改變中國》、《康熙：重構一位中國皇帝的內心界》等。
  ★ 參加通識活動之注意事項 ★
※ 報名時請填寫正確電子郵件帳號，若活動有異動將寄送電子郵件告知。
※ 本單位有修改活動之權利。若有任何更動，請以最新公告為主。
※ 參與人數額滿將提前結束報名！
※ 不刻出席時，請務必取消報名，以免資源浪費！
※ 依現場工作人員判定遲到或早退者，恕無法取得各項參與時數。
※ 請於活動結束後至簽到處出示學生證/職員證靠卡簽退，以保障您的權益！
※ 為維護您與他人的健康，若有身體不適，請避免出席活動。
  報名期限
02/17 (週一) 08:00 ~ 04/25 (週五) 12:00
已過期"
通識認證,(通識認證)🎨藝術中心🏙️【雙城意象-桃園與南京的對話】(天)(人)(物)(我),05/22 (週四),"(通識認證)🎨藝術中心🏙️【雙城意象-桃園與南京的對話】(天)(人)(物)(我) Facebook分享 LINE分享 取得網址 取得QrCode
活動時間：2025年5月22日 10:00~2025年6月21日 10:00 加入行事曆
活動地點：藝術中心(沐樂展覽廳) (地址：桃園市中壢區中北路200號全人教育村北棟)
活動嘉賓： 陳歷渝     裴凌暄    
活動類型： 活動
參加對象： 開放校內外人士
承辦：圖書館藝術中心
活動聯絡人： 林依穎 03-2651261    
活動所屬單位： 圖書館藝術中心
本展覽由陳歷渝老師及裴凌暄老師帶領的中原大學「字繪桃園」團隊與江蘇第二師範學院「字話南京」團隊共同創作，以字體設計與文字圖示為媒介，呈現南京與桃園的地方特色，展現師生對地方文化的觀察與創意詮釋。兩地創作者以設計敘事，展現對地方文化的觀察與理解。展覽以平面字繪作品為主，結合南京與桃園地圖的立體裝置與影像創作，構築雙城文化的多層次對話，展現設計與文化融合的獨特魅力。
  ✦5/22(四) 茶會✦線上報名
➜ https://itouch.cycu.edu.tw/go/?w=13552@acpm3

✦6/21(六) 工作坊✦線上報名
➜ https://itouch.cycu.edu.tw/go/?w=13627@acpm3
⭓活動公告
➜https://ann.cycu.edu.tw/aa/frontend/AnnItem.jsp?sn=64812
📢 參觀展覽，可獲【通識認證】請至藝術中心櫃台索取✍️藝文護照 並了解認證方式。

———————————————
✸活動詳情以主辦單位公告為主 ✸
———————————————
📢 按讚追蹤，獲取最新展覽資訊！
喜歡這次展覽嗎？歡迎追蹤我們的 Facebook 粉絲專頁，掌握更多藝術活動！✨
👉 Facebook 粉絲專頁  中原大學藝術中心 Art Center CYCU
  不需線上報名"
通識認證,(通識認證)【藝術中心,06/21 (週六) 13:30 ~ 15:30,"(通識認證)【藝術中心6/21工作坊】童畫童話工作坊(天)(人)(物)(我) Facebook分享 LINE分享 取得網址 取得QrCode
活動時間：2025年6月21日 13:30~2025年6月21日 15:30 加入行事曆
活動地點：藝術中心 Art Center (地址：桃園市中壢區中北路200號)
活動嘉賓： 陳歷渝老師     謝文哲老師    
活動類型： 活動
參加對象： 開放校內外人士
承辦：圖書館藝術中心
活動聯絡人： 林依穎 03-2651261    
活動所屬單位： 圖書館藝術中心
📢費用：500元
請於線上報名，待收到報名確認信件後，
再至藝術中心櫃台繳交費用500元(材料費200元及訂金300元)，方完成報名。
訂金將於活動結束當日退還。
⭓活動公告
➜https://ann.cycu.edu.tw/aa/frontend/AnnItem.jsp?sn=64812
📢 參觀展覽，可獲【通識認證】請至藝術中心櫃台索取✍️藝文護照 並了解認證方式。

———————————————
✸活動詳情以主辦單位公告為主 ✸
———————————————
📢 按讚追蹤，獲取最新展覽資訊！
喜歡這次展覽嗎？歡迎追蹤我們的 Facebook 粉絲專頁，掌握更多藝術活動！✨
👉 Facebook 粉絲專頁  中原大學藝術中心 Art Center CYCU
  報名期限
06/03 (週二) 10:00 ~ 06/12 (週四) 12:00
未開放(餘額：12人)"
通識認證,(通識認證)【藝術中心,06/21 (週六) 13:30 ~ 15:30,"(通識認證)【藝術中心6/21工作坊】中原70字繪創作工作坊(天)(人)(物)(我) Facebook分享 LINE分享 取得網址 取得QrCode
活動時間：2025年6月21日 13:30~2025年6月21日 15:30 加入行事曆
活動地點：藝術中心 Art Center (地址：桃園市中壢區中北路200號)
活動嘉賓： 陳歷渝老師     謝文哲老師    
活動類型： 活動
參加對象： 開放校內外人士
承辦：圖書館藝術中心
活動聯絡人： 林依穎 03-2651261    
活動所屬單位： 圖書館藝術中心
這場工作坊將帶領參與者👉探索字繪藝術的創作過程，
並從《雙城意象》展覽作品中汲取靈感✨，
讓藝術愛好者們🖼️親手創作屬於自己的字繪作品。
📢名額有限，快來報名與我們一起共同創作，
為中原70周年慶典增添藝術光彩！
📢費用：500元
請於線上報名，待收到報名確認信件後，
再至藝術中心櫃台繳交費用500元(材料費200元及訂金300元)，方完成報名。
訂金將於活動結束當日退還。
✦5/22(四) 茶會✦線上報名
➜ https://itouch.cycu.edu.tw/go/?w=13552@acpm3

✦6/21(六) 工作坊✦線上報名
➜ https://itouch.cycu.edu.tw/go/?w=13627@acpm3
⭓活動公告
➜https://ann.cycu.edu.tw/aa/frontend/AnnItem.jsp?sn=64812
📢 參觀展覽，可獲【通識認證】請至藝術中心櫃台索取✍️藝文護照 並了解認證方式。

———————————————
✸活動詳情以主辦單位公告為主 ✸
———————————————
📢 按讚追蹤，獲取最新展覽資訊！
喜歡這次展覽嗎？歡迎追蹤我們的 Facebook 粉絲專頁，掌握更多藝術活動！✨
👉 Facebook 粉絲專頁  中原大學藝術中心 Art Center CYCU
  報名期限
05/12 (週一) 10:00 ~ 06/12 (週四) 12:00
報名"
通識認證,(通識認證)🎨藝術中心🖍️【童畫童話&街尾巷弄-城市地圖-謝沂叡、謝文哲雙個展】(天)(人)(物)(我),05/22 (週四),"(通識認證)🎨藝術中心🖍️【童畫童話&街尾巷弄-城市地圖-謝沂叡、謝文哲雙個展】(天)(人)(物)(我) Facebook分享 LINE分享 取得網址 取得QrCode
活動時間：2025年5月22日 09:00~2025年6月21日 17:00 加入行事曆
活動地點：藝術中心(沐樂展覽廳) (地址：桃園市中壢區中北路200號全人教育村北棟)
活動嘉賓： 謝沂叡     謝文哲    
活動類型： 活動
參加對象： 開放校內外人士
承辦：圖書館藝術中心
活動聯絡人： 林依穎 03-2651261    
活動所屬單位： 圖書館藝術中心
12歲的謝沂叡與45歲的謝文哲以繪畫形式呈現對桃園的觀察與詮釋，展現兩代人截然不同的視角與創意。謝沂叡以「童畫童話」為主題，透過天真的筆觸與鮮明色彩，描繪桃園的奇幻角落與純粹憧憬；謝文哲則以「街尾巷弄-城市地圖」，透過鳥瞰技法與細膩構圖，捕捉城市的建築細節與生活韻味。展覽作品對比呈現純真與成熟的創作風格，探討桃園的多元面貌與文化意象。
  ✦5/22(四) 茶會✦線上報名
➜ https://itouch.cycu.edu.tw/go/?w=13552@acpm3

✦6/21(六) 工作坊✦線上報名
➜ https://itouch.cycu.edu.tw/go/?w=13627@acpm3
⭓活動公告
➜https://ann.cycu.edu.tw/aa/frontend/AnnItem.jsp?sn=64812
📢 參觀展覽，可獲【通識認證】請至藝術中心櫃台索取✍️藝文護照 並了解認證方式。

———————————————
✸活動詳情以主辦單位公告為主 ✸
———————————————
  📢 按讚追蹤，獲取最新展覽資訊！
喜歡這次展覽嗎？歡迎追蹤我們的 Facebook 粉絲專頁，掌握更多藝術活動！✨
👉 Facebook 粉絲專頁  中原大學藝術中心 Art Center CYCU
  不需線上報名"
風雅頌,(風雅頌)(通識自主學習)1,05/28 (週三) 12:50 ~ 14:00,"(風雅頌)(通識自主學習)114/05/28普仁崗音樂節《二比一的音樂故事集》 Facebook分享 LINE分享 取得網址 取得QrCode
活動時間：2025年5月28日 12:50~2025年5月28日 14:00 加入行事曆
活動地點：風雅頌藝文廳
活動嘉賓： 長笛／邱佩珊     單簧管／楊元碩     鋼琴／王亞文    
活動類型： 表演
參加對象： 開放校內外人士
承辦：風雅頌音樂中心
活動聯絡人： 徐郁婷 03-2651281    
活動所屬單位： 通識教育中心風雅頌音樂中心
《二比一的音樂故事集》
日期：2025年05月28日（三）
入場時間：中午12：30（排隊入場）
開演時間：中午12：50－14：00
地點：風雅頌藝文廳（真知教學大樓2樓）
  【演出人員】
長笛／邱佩珊
單簧管／楊元碩
鋼琴／王亞文
  【節目介紹】
二比一擅長將音樂具象化，讓抽象的旋律轉化為充滿畫面感的情節與角色。每個音符、每個樂句，都能被轉譯成幽默風趣、充滿想像力的故事語言。他們以誇張又充滿戲劇性的方式詮釋《阿諾大幻想曲》，用高超精湛的技巧展現《卡門》的熱情與張力，讓觀眾在音樂的律動中彷彿走進了一場場精彩的劇場演出。
在舞台上，故事與音樂密不可分，音樂推動情節發展，故事又為音樂注入新的靈魂與生命。這不僅是一場音樂會，更像是一場活靈活現的表演藝術饗宴，讓觀眾在笑聲與感動之中重新認識古典音樂的魅力。
那麼，這一次，二比一究竟又會帶來什麼樣新鮮有趣的節目內容？是令人驚喜的編曲？意想不到的角色設定？還是打破想像的創意詮釋？只能親自來到現場，才能揭曉這場音樂魔法的答案！
  【演出曲目】
德布西：小組曲
Debussy：Petite Suite
  I. 小船 En Bateau
  II. 遊行 Cortège
  III. 小步舞曲 Menuet
  IV. 芭蕾 Ballet
阿諾：給長笛、單簧管與鋼琴的大幻想曲
Arnold：Grand Fantasia for Flute, Clarinet and Piano
蕭士塔高維奇：四首華爾滋
Shostakovich：Four Waltzes
  I. 手搖管風琴華爾滋 Barrel Organ Waltz
  II. 春之華爾滋 Spring Waltz
  III. 華爾滋 Waltz
  IV. 笑話華爾滋 Joke Waltz
比才：給長笛、單簧管與鋼琴的卡門幻想曲
Bizet：Carmen Fantasie for Flute, Clarinet and Piano
      【注意事項】
1.  請依工作人員指示入場。
2.  場內禁止飲食飲水、雨傘請放置門口旁的傘架。
3. 本場音樂會有列入「通識自主學習學分」，若需認證者，請攜帶學生證，並於音樂會入場時，依工作人員指示靠卡簽到。
4. 主辦單位保有活動內容／流程調整之權利，若有相關異動，將公告於本中心臉書粉絲專頁。
  不需線上報名"
風雅頌,(風雅頌)(通識認證)1,05/29 (週四) 19:00 ~ 20:30,"(風雅頌)(通識認證)114/05/29普仁崗音樂節－樂曲悠揚《漫步中原》 Facebook分享 LINE分享 取得網址 取得QrCode
活動時間：2025年5月29日 19:00~2025年5月29日 20:30 加入行事曆
活動地點：瑞麗堂
活動嘉賓： 小提琴／王逸超     大提琴／邱明宏     鋼琴／陳文婉    
活動類型： 表演
參加對象： 開放校內外人士
承辦：風雅頌音樂中心
活動聯絡人： 徐郁婷 03-2651281    
活動所屬單位： 通識教育中心風雅頌音樂中心
《漫步中原》
日期：2025年05月29日（四）
入場時間 18：30（免費入場）
開演時間 19：00－20：30
地點：瑞麗堂
  【演出人員】
小提琴／王逸超
大提琴／邱明宏
鋼琴／陳文婉
導聆／蕭景雲
  【節目介紹】
《漫步》來自音樂術語中的行板 (Andante)，《漫步中原》是一場舒適穿梭在音樂裡的旅程。本場音樂會以精緻的室內樂演奏，呈現出古典音樂的豐富色彩與心靈的昇華、樂器間的相互對話與和諧交織，繪製出一幅幅詩意畫面，從安靜到激昂、從溫暖到戲劇。在這段音樂旅程中，帶領觀眾在中原的校園裡漫步，感受校園的藝文氣息、享受音樂帶來的瞬間感動。
  【演出曲目】
蕭士塔高維奇：第二號E小調鋼琴三重奏，作品67
D. Shostakovich：Piano Trio No. 2 in E Minor, Op. 67
孟德爾頌：第一號D小調鋼琴三重奏，作品49
F. Mendelssohn：Piano Trio No. 1 in D Minor, Op. 49
      【注意事項】
1.  本場音樂會無需報名，請於入場時間排隊入場。
2.  場內禁止飲食飲水、雨傘請放置門口旁的傘架。
3. 請依工作人員指示入場。
4. 本場音樂會有列入「通識認證」、「通識自主學習學分」，若需認證者，請攜帶學生證，並於音樂會離場時，完成意見回饋單後，依工作人員指示靠卡簽到。
5. 主辦單位保有活動內容／流程調整之權利，若有相關異動，將公告於本中心臉書粉絲專頁。
  不需線上報名"
風雅頌,(風雅頌)(通識自主學習)1,06/04 (週三) 12:50 ~ 14:00,"(風雅頌)(通識自主學習)114/06/04《時光交錯：19世紀長笛與吉他的音樂沙龍》 Facebook分享 LINE分享 取得網址 取得QrCode
活動時間：2025年6月4日 12:50~2025年6月4日 14:00 加入行事曆
活動地點：風雅頌藝文廳
活動嘉賓： 浪漫時期長笛／簡志賢     浪漫時期吉他／林家瑋    
活動類型： 表演
參加對象： 開放校內外人士
承辦：風雅頌音樂中心
活動聯絡人： 徐郁婷 03-2651281    
活動所屬單位： 通識教育中心風雅頌音樂中心
《時光交錯：19世紀長笛與吉他的音樂沙龍》
日期：2025年06月04日（三）
入場時間：中午12：30（排隊入場）
開演時間：中午12：50－14：00
地點：風雅頌藝文廳（真知教學大樓2樓）

【演出人員】
浪漫時期長笛／簡志賢
浪漫時期吉他／林家瑋
  【節目介紹】
古長笛演奏家簡志賢自德國學成返台，積極透過主題音樂會展示各時期的長笛風格。本次音樂會邀請長期合作的古典吉他演奏家林家瑋聯袂演出，二人將使用仿製的浪漫時期複刻長笛與吉他，演奏19世紀沙龍音樂中的二重奏及小夜曲，重現當時優美和諧的音色。
音樂會不僅呈現浪漫時期音樂的細膩與溫暖，還透過精心設計的仿製樂器，將當時的獨特音色與音樂氛圍完美再現。
無論是古典音樂愛好者，還是對樂器與音樂歷史感興趣的觀眾，都能在演出中獲得深刻的欣賞與享受。觀眾將有機會一窺歷史樂器的音色魅力，並感受音樂美學的時代風華。
  【演出曲目】
帕格尼尼：第一號重音奏鳴曲
Niccoò Paganini：“Centone di Sonate” Sonata Prima
  I. 小廣板般的導奏 Introduzione Larghetto
  II. 進行曲速度般的莊嚴快板 Allegro maestoso Tempo di Marcia
  III. 快板的小圓舞曲 Rondoncino Allegro
朱利亞尼：給長笛或小提琴與吉他的大二重奏協奏曲，作品85
Mauro Giuliani：Grand Duo Concertant pour Flûte ou Violon et Guitarre, Op. 85
  I. 中庸的快板 Allegro moderato
  II. 十分綿延的行板 Andante molto sostenuto
  III. 詼諧曲 Scherzo
  IV. 富有表現力的稍快板 Allegretto espressive
古諾：聖母頌
Charles Gounod：Ave Maria
庫夫納：小夜曲，作品44
Joseph Küffner：Serenade, Op. 44
      【注意事項】
1.  請依工作人員指示入場。
2.  場內禁止飲食飲水、雨傘請放置門口旁的傘架。
3. 本場音樂會有列入「通識自主學習學分」，若需認證者，請攜帶學生證，並於音樂會入場時，依工作人員指示靠卡簽到。
4. 主辦單位保有活動內容／流程調整之權利，若有相關異動，將公告於本中心臉書粉絲專頁。
  不需線上報名"
風雅頌,(風雅頌)(通識自主學習)1,06/05 (週四) 16:00 ~ 17:10,"(風雅頌)(通識自主學習)114/06/05《慈悲的跤步》音樂故事專輯 Facebook分享 LINE分享 取得網址 取得QrCode
活動時間：2025年6月5日 16:00~2025年6月5日 17:10 加入行事曆
活動地點：風雅頌藝文廳
活動嘉賓： 音樂總監／林少英     主唱／Sunny     鍵盤／潘俐伶     電吉他／王文彥     笙／黃朧逸    
活動類型： 表演
參加對象： 開放校內外人士
承辦：風雅頌音樂中心
活動聯絡人： 徐郁婷 03-2651281    
活動所屬單位： 通識教育中心風雅頌音樂中心
《慈悲的跤步》音樂故事專輯
日期：2025年06月05日（四）
入場時間：下午03：30（排隊入場）
開演時間：下午04：00－05：10
地點：風雅頌藝文廳（真知教學大樓2樓）

【演出人員】
音樂總監／林少英
主唱／Sunny
鍵盤／潘俐伶
電吉他／王文彥
笙／黃朧逸
  【節目介紹】
當年去美國求學，尋根溯源什麼是 Blues、什麼是 Jazz ，我將這句話牢牢放在心底，它日後也陪伴著我的創作生涯。數十年來，我所有的專輯創作和重大演出，第一個音符就是故事的開始，最後一個音符是故事的收尾。我一直希望聽眾能沉浸在音樂描摹的情境中，到終場留下一句「這音樂很有畫面」。《慈悲的跤步》便由這個設想出發，重構了詩人路寒袖的同名台語詩。此外，我一直想做一張「倒敍」的專輯。我的倒敘，指的是聆聽順序：專輯能順著聽，但你也能選擇先把最後一首聽完，再回到第一首接著一首首聽下去。我相信，以這張專輯的最後一首曲子為錨點去嘗試各種聆聽順序，便是靠攏向 a song is telling a story 精神的完整體現，《慈悲的跤步》專輯本來也就是朝著這方向構思的。
  【演出曲目】
作詞：路寒袖／作曲：林少英、Sunny／編曲：林少英
《序曲：夜裡翱翔》
《是媽媽嘛是阿媽》
《鸞》
《令旗展開》
《一步一步》
《行過溪邊行過田岸》
《拉不住夕陽》
    【注意事項】
1.  請依工作人員指示入場。
2.  場內禁止飲食飲水、雨傘請放置門口旁的傘架。
3. 本場音樂會有列入「通識自主學習學分」，若需認證者，請攜帶學生證，並於音樂會入場時，依工作人員指示靠卡簽到。
4. 主辦單位保有活動內容／流程調整之權利，若有相關異動，將公告於本中心臉書粉絲專頁。
  不需線上報名"
風雅頌,(風雅頌)(通識自主學習)1,06/11 (週三) 12:50 ~ 14:00,"(風雅頌)(通識自主學習)114/06/11《章韶洵鋼琴獨奏會－戰火淬煉的樂章》 Facebook分享 LINE分享 取得網址 取得QrCode
活動時間：2025年6月11日 12:50~2025年6月11日 14:00 加入行事曆
活動地點：風雅頌藝文廳
活動嘉賓： 鋼琴／章韶洵    
活動類型： 表演
參加對象： 開放校內外人士
承辦：風雅頌音樂中心
活動聯絡人： 徐郁婷 03-2651281    
活動所屬單位： 通識教育中心風雅頌音樂中心
章韶洵鋼琴獨奏會－戰火淬煉的樂章
日期：2025年06月11日（三）
入場時間：下午12：30（排隊入場）
開演時間：下午12：50－14：00
地點：風雅頌藝文廳（真知教學大樓2樓）

【演出人員】
鋼琴／章韶洵
  【節目介紹】
戰爭貫穿人類歷史，帶來無數苦難與傷痕。即使硝煙散去，那些記憶仍未遠離。作曲家以音樂紀錄時代，用旋律回應動盪，傳遞對和平的反思與期待。本場音樂會精選演出多首與戰爭有關的作品，邀請您在音樂中回望歷史，聆聽情感與記憶的回聲。
  【演出曲目】
蕭邦：降A大調波蘭舞曲《英雄》
F. Chopin：“Heroic” Polonaise in A-flat Major, Op. 53
浦朗克：憂鬱
F. Poulenc：Mélancolie, FP. 105
梅特納：A小調鋼琴奏鳴曲，作品30
N. Medtner：Piano Sonata in A Minor, Op. 30
普羅高菲夫：降B大調第八號鋼琴奏鳴曲，作品84
S. Prokofiev：Piano Sonata No. 8 in B-flat Major, Op. 84
  I. 溫柔的行板–適度的快板 Andante dolce–Allegro moderato
  II. 夢幻的行板 Andante sognando
  III. 活潑的 Vivace
    【注意事項】
1.  請依工作人員指示入場。
2.  場內禁止飲食飲水、雨傘請放置門口旁的傘架。
3. 本場音樂會有列入「通識自主學習學分」，若需認證者，請攜帶學生證，並於音樂會入場時，依工作人員指示靠卡簽到。
4. 主辦單位保有活動內容／流程調整之權利，若有相關異動，將公告於本中心臉書粉絲專頁
  不需線上報名"
風雅頌,(風雅頌)(通識自主學習)1,06/12 (週四) 16:00 ~ 17:10,"(風雅頌)(通識自主學習)114/06/12《午後泰勒曼》 Facebook分享 LINE分享 取得網址 取得QrCode
活動時間：2025年6月12日 16:00~2025年6月12日 17:10 加入行事曆
活動地點：風雅頌藝文廳
活動嘉賓： 巴洛克長笛／林悅慈     巴洛克雙簧管／張芸嫚     巴洛克小提琴／呂珮菱     維奧爾琴／楊竣元    
活動類型： 表演
參加對象： 開放校內外人士
承辦：風雅頌音樂中心
活動聯絡人： 徐郁婷 03-2651281    
活動所屬單位： 通識教育中心風雅頌音樂中心
午後泰勒曼
日期：2025年06月12日（四）
入場時間：下午03：30（免費入場）
開演時間：下午04：00－05：10
地點：風雅頌藝文廳（真知教學大樓2樓）
  【演出人員】
巴洛克長笛／林悅慈
巴洛克雙簧管／張芸嫚
巴洛克小提琴／呂珮菱
維奧爾琴／楊竣元
  【節目介紹】
此次音樂會，我們將帶領聽眾穿越時光，探索巴洛克音樂大師泰勒曼（Georg Philipp Telemann）豐富多采的音樂世界。以二重奏、三重奏與四重奏為編制，與優雅的旋律對位作品為主軸，本場演出呈現出泰勒曼以旋律為畫筆所勾勒出的和諧音景，感受那既典雅又生動的樂音流轉之中。
  【演出曲目】
泰勒曼：G大調四重奏協奏曲，作品43:G6
G. P. Telemann: Concerto for Four Instruments in G Major, TWV 43:G6
  I. 活潑的 Vivace
  II. 莊重的 Grave
  III. 快板 Allegro
泰勒曼：G大調奏鳴曲，作品42:G8
G. P. Telemann: Sonata in G Major, TWV 42:G8
  I. 柔和的 Soave
  II. 快板 Allegro
  III. 行走的 Andante
  IV. 快板 Allegro
泰勒曼：卡農旋律集，第1首，作品40:123
G. P. Telemann: Canons Mélodieux, TWV 40:123, No. 1
  I. 活潑的 Vivace
  II. 慢板 Adagio
  III. 快板 Allegro
泰勒曼：G大調四重奏，作品43:G2
G. P. Telemann: Quatuor in G Major, TWV 43:G2
  I. 寬廣的–快板–寬廣的 Largo–Allegro–Largo
  II. 活潑的–適中的–活潑的 Vivace–Moderato–Vivace
  III. 莊重的 Grave
  IV. 活潑的 Vivace
    【注意事項】
1.  請依工作人員指示入場。
2.  場內禁止飲食飲水、雨傘請放置門口旁的傘架。
3. 本場音樂會有列入「通識自主學習學分」，若需認證者，請攜帶學生證，並於音樂會入場時，依工作人員指示靠卡簽到。
4. 主辦單位保有活動內容／流程調整之權利，若有相關異動，將公告於本中心臉書粉絲專頁。
    不需線上報名"
